Author,Title,Language,EBook-No,URL,Roman,Genres,Mouvement,Date
Charles Nodier,Smarra ou les démons de la nuit: Songes romantiques,French,18083,https://www.gutenberg.org/ebooks/18083,True,"Fantastique, Gothique, Romantique",Romantisme,1849.0
Charles Nodier,Jean Sbogar,French,64289,https://www.gutenberg.org/ebooks/64289,True,Historique,inclassable,1835.0
Stendhal,Le rouge et le noir: chronique du XIXe siècle,French,798,https://www.gutenberg.org/ebooks/798,True,"Historique, Analyse",Réalisme,1830.0
Stendhal,De l'AmourÉdition revue et corrigée et précédée d'une étude sur les oeuvres de Stendhal par Sainte-Beuve,French,60882,https://www.gutenberg.org/ebooks/60882,True,Amour,Réalisme,1822.0
Stendhal,La Chartreuse De Parme,French,796,https://www.gutenberg.org/ebooks/796,True,"Historique, Amour",Réalisme,1839.0
Stendhal,L'Abbesse De Castro,French,797,https://www.gutenberg.org/ebooks/797,True,"Historique, Amour",Réalisme,1839.0
Stendhal,"Lucien Leuwen; ou, l'Amarante et le Noir. Tome Premier",French,60030,https://www.gutenberg.org/ebooks/60030,True,"Historique, Amour",Réalisme,1855.0
Stendhal,"Lucien Leuwen; ou, l'Amarante et le Noir. Tome Second",French,60033,https://www.gutenberg.org/ebooks/60033,True,"Historique, Amour",Réalisme,1855.0
Stendhal,La Duchesse De Palliano,French,803,https://www.gutenberg.org/ebooks/803,True,Historique,Réalisme,1838.0
Alfred de Vigny,"Cinq-Mars; ou, Une conjuration sous Louis XIII (Tome 2 of 2)",French,44199,https://www.gutenberg.org/ebooks/44199,True,"Historique, Aventure","Romantisme, Réalisme",1847.0
Alfred de Vigny,"Cinq-Mars; ou, Une conjuration sous Louis XIII (Tome 1 of 2)",French,44198,https://www.gutenberg.org/ebooks/44198,True,"Historique, Aventure",Romantisme,1847.0
Alfred de Vigny,Stello,French,9655,https://www.gutenberg.org/ebooks/9655,True,"Littérature philosophique, Poésie",Romantisme,1835.0
Honoré de Balzac,La Comédie humaine - Volume 02,French,43851,https://www.gutenberg.org/ebooks/43851,True,"Historique, Satirique",Réalisme,1842.0
Honoré de Balzac,La Comédie humaine - Volume 09. Scènes de la vie parisienne - Tome 01,French,55860,https://www.gutenberg.org/ebooks/55860,True,"Historique, Satirique, Amour",Réalisme,1848.0
Honoré de Balzac,La Comédie humaine - Volume 01,French,41211,https://www.gutenberg.org/ebooks/41211,True,"Historique, Satirique",Réalisme,1842.0
Honoré de Balzac,La Comédie humaine - Volume 10. Scènes de la vie parisienne - Tome 02,French,58244,https://www.gutenberg.org/ebooks/58244,True,"Satirique, Amour, Autobiographique / Autofiction",Réalisme,1848.0
Honoré de Balzac,La Comédie humaine - Volume 11. Scènes de la vie parisienne - Tome 03,French,60551,https://www.gutenberg.org/ebooks/60551,True,"Amour, Satirique, Analyse",Réalisme,1848.0
Honoré de Balzac,La Comédie humaine - Volume 12. Scènes de la vie parisienne et scènes de la vie politique,French,67264,https://www.gutenberg.org/ebooks/67264,True,"Scènes de la vie parisienne, Scènes de la vie politique",Réalisme,1848.0
Honoré de Balzac,La Comédie humaine - Volume 05. Scènes de la vie de Province - Tome 01,French,49482,https://www.gutenberg.org/ebooks/49482,True,"Historique, Scènes de la vie de Province",Réalisme,1847.0
Honoré de Balzac,La Comédie humaine - Volume 04,French,48082,https://www.gutenberg.org/ebooks/48082,True,"Historique, Satirique",Réalisme,1842.0
Honoré de Balzac,La Comédie humaine - Volume 07. Scènes de la vie de Province - Tome 03,French,52831,https://www.gutenberg.org/ebooks/52831,True,"Analyse, Satirique",Réalisme,1847.0
Honoré de Balzac,La Comédie humaine - Volume 03,French,45060,https://www.gutenberg.org/ebooks/45060,True,"Historique, Satirique",Réalisme,1847.0
Honoré de Balzac,La Comédie humaine - Volume 08. Scènes de la vie de Province - Tome 04,French,54723,https://www.gutenberg.org/ebooks/54723,True,"Scènes de la vie de Province, Autobiographique / Autofiction",Réalisme,1848.0
Honoré de Balzac,Eugénie Grandet,French,11049,https://www.gutenberg.org/ebooks/11049,True,"Historique, Amour",Réalisme,1833.0
Honoré de Balzac,La Comédie humaine - Volume 06. Scènes de la vie de Province - Tome 02,French,51381,https://www.gutenberg.org/ebooks/51381,True,"Historique, Scènes de la vie de Province",Réalisme,1847.0
Honoré de Balzac,La Comédie humaine - Volume 17. Études de mœurs :  La cousine Bette; Le cousin Pons,French,74126,https://www.gutenberg.org/ebooks/74126,True,"Analyse, Satirique",Réalisme,1846.0
Honoré de Balzac,La Maison du Chat-qui-pelote,French,24217,https://www.gutenberg.org/ebooks/24217,True,"Satirique, Autobiographique / Autofiction",Réalisme,1832.0
Alexandre Dumas,Pauline et Pascal Bruno,French,71510,https://www.gutenberg.org/ebooks/71510,True,"Amour, Aventure",inclassable,1848.0
Alexandre Dumas,"Création et rédemption, deuxième partie: La fille du marquis",French,26476,https://www.gutenberg.org/ebooks/26476,True,"Historique, Aventure",inclassable,1848.0
Alexandre Dumas,"Création et rédemption, première partie: Le docteur mystérieux",French,36812,https://www.gutenberg.org/ebooks/36812,True,"Historique, Aventure",inclassable,2023.0
Alexandre Dumas,Le comte de Moret,French,37771,https://www.gutenberg.org/ebooks/37771,True,Historique,inclassable,1855.0
Alexandre Dumas,Georges,French,18271,https://www.gutenberg.org/ebooks/18271,True,Historique,inclassable,1843.0
Alexandre Dumas,"La San-Felice, Tome 03",French,18402,https://www.gutenberg.org/ebooks/18402,True,"Historique, Aventure",inclassable,1854.0
Alexandre Dumas,"La San-Felice, Tome 04",French,18586,https://www.gutenberg.org/ebooks/18586,True,"Historique, Aventure",inclassable,1846.0
Alexandre Dumas,Le capitaine Paul,French,15574,https://www.gutenberg.org/ebooks/15574,True,"Historique, Aventure",inclassable,1848.0
Alexandre Dumas,"Mémoires de Garibaldi, tome 2/2",French,57454,https://www.gutenberg.org/ebooks/57454,True,"Historique, Biographique / Exofiction",inclassable,1872.0
Alexandre Dumas,Les compagnons de Jéhu,French,13819,https://www.gutenberg.org/ebooks/13819,True,"Historique, Aventure",inclassable,1847.0
Alexandre Dumas,Le Capitaine Aréna — Tome 1,French,8693,https://www.gutenberg.org/ebooks/8693,True,"Aventure, Historique",inclassable,1848.0
Alexandre Dumas,"La San-Felice, Tome 05",French,18773,https://www.gutenberg.org/ebooks/18773,True,"Historique, Aventure",inclassable,1854.0
Alexandre Dumas,Le Capitaine Aréna — Tome 2,French,8692,https://www.gutenberg.org/ebooks/8692,True,"Aventure, Historique",inclassable,1848.0
Alexandre Dumas,Histoire d'un casse-noisette,French,5104,https://www.gutenberg.org/ebooks/5104,True,"Fantaisie, Aventure",inclassable,1849.0
Alexandre Dumas,"La San-Felice, Tome 06",French,18826,https://www.gutenberg.org/ebooks/18826,True,"Historique, Aventure",inclassable,1846.0
Alexandre Dumas,Henri III et sa Cour,French,2682,https://www.gutenberg.org/ebooks/2682,True,Historique,inclassable,1574.0
Alexandre Dumas,"La San-Felice, Tome 01",French,17693,https://www.gutenberg.org/ebooks/17693,True,Historique,inclassable,1846.0
Alexandre Dumas,Le capitaine Pamphile,French,18697,https://www.gutenberg.org/ebooks/18697,True,"Aventure, Historique",inclassable,1848.0
Alexandre Dumas,"La San-Felice, Tome 02",French,18401,https://www.gutenberg.org/ebooks/18401,True,"Historique, Aventure",inclassable,1848.0
Victor Hugo,Les misérables Tome I: Fantine,French,17489,https://www.gutenberg.org/ebooks/17489,True,"Historique, Amour",Réalisme,1862.0
Victor Hugo,Notre-Dame de Paris - Tome 1,French,70891,https://www.gutenberg.org/ebooks/70891,True,"Historique, Amour",Romantisme,1831.0
Victor Hugo,Notre-Dame de Paris,French,19657,https://www.gutenberg.org/ebooks/19657,True,"Historique, Amour",Romantisme,1831.0
Victor Hugo,L'homme Qui Rit,French,5423,https://www.gutenberg.org/ebooks/5423,True,"Historique, Satirique","Romantisme, Réalisme",1869.0
Victor Hugo,Les misérables Tome V: Jean Valjean,French,17519,https://www.gutenberg.org/ebooks/17519,True,"Historique, Aventure",Réalisme,1862.0
Victor Hugo,Les misérables Tome IV: L'idylle rue Plumet et l'épopée rue Saint-Denis,French,17518,https://www.gutenberg.org/ebooks/17518,True,"Historique, Amour, Aventure","Romantisme, Réalisme",1862.0
Victor Hugo,Le Dernier Jour d'un Condamné,French,6838,https://www.gutenberg.org/ebooks/6838,True,Analyse,inclassable,1829.0
Victor Hugo,Les misérables Tome III: Marius,French,17494,https://www.gutenberg.org/ebooks/17494,True,"Historique, Amour",Réalisme,1862.0
Victor Hugo,Les misérables Tome II: Cosette,French,17493,https://www.gutenberg.org/ebooks/17493,True,"Historique, Amour",Réalisme,1862.0
Victor Hugo,Notre-Dame de Paris - Tome 2,French,71445,https://www.gutenberg.org/ebooks/71445,True,"Historique, Amour",Romantisme,1831.0
Victor Hugo,Quatrevingt-Treize,French,9645,https://www.gutenberg.org/ebooks/9645,True,Historique,"Romantisme, Réalisme",1874.0
Victor Hugo,La Esmeralda,French,13628,https://www.gutenberg.org/ebooks/13628,True,Historique,Romantisme,1866.0
Prosper Mérimée,"Lettres à une inconnue, Tome DeuxièmePrécédée d'une étude sur P. Mérimée par H. Taine",French,56474,https://www.gutenberg.org/ebooks/56474,True,"Épistolaire, Amour",inclassable,1869.0
Prosper Mérimée,La Vénus d'Ille,French,16240,https://www.gutenberg.org/ebooks/16240,True,Fantastique,Romantisme,1848.0
Prosper Mérimée,Colomba,French,16239,https://www.gutenberg.org/ebooks/16239,True,Historique,inclassable,1840.0
George Sand,"Histoire de ma Vie, Livre 1 (Vol. 1 - 4)",French,39101,https://www.gutenberg.org/ebooks/39101,True,"Biographique / Exofiction, Autobiographique / Autofiction",Réalisme,1855.0
George Sand,Jacques,French,13818,https://www.gutenberg.org/ebooks/13818,True,"Amour, Analyse","Romantisme, Réalisme",1852.0
George Sand,Valentine,French,17251,https://www.gutenberg.org/ebooks/17251,True,"Amour, Historique",Romantisme,1832.0
George Sand,"Histoire de ma Vie, Livre 3 (Vol. 10 - 13)",French,42765,https://www.gutenberg.org/ebooks/42765,True,"Autobiographique / Autofiction, Historique",Réalisme,1855.0
George Sand,Les maîtres sonneurs,French,20254,https://www.gutenberg.org/ebooks/20254,True,"Musique, Autobiographique / Autofiction",inclassable,1865.0
George Sand,"Histoire de ma Vie, Livre 2 (Vol. 5 - 9)",French,41322,https://www.gutenberg.org/ebooks/41322,True,"Autobiographique / Autofiction, Historique",Réalisme,1855.0
George Sand,Horace,French,13671,https://www.gutenberg.org/ebooks/13671,True,"Historique, Amour",Romantisme,1851.0
George Sand,La petite Fadette,French,34204,https://www.gutenberg.org/ebooks/34204,True,"Amour, Bildungsroman",Romantisme,1849.0
George Sand,Mademoiselle La Quintinie,French,18075,https://www.gutenberg.org/ebooks/18075,True,"Historique, Amour",Romantisme,1853.0
George Sand,Un hiver à Majorque,French,14688,https://www.gutenberg.org/ebooks/14688,True,"Autobiographique / Autofiction, Amour",Romantisme,1862.0
George Sand,Le secrétaire intime,French,26614,https://www.gutenberg.org/ebooks/26614,True,"Autobiographique / Autofiction, Amour",Romantisme,1851.0
George Sand,Lélia,French,39738,https://www.gutenberg.org/ebooks/39738,True,"Amour, Philosophique",Romantisme,1838.0
George Sand,Mauprat,French,62787,https://www.gutenberg.org/ebooks/62787,True,"Amour, Historique",Romantisme,1858.0
George Sand,La Mare au Diable,French,23582,https://www.gutenberg.org/ebooks/23582,True,"Amour, Nature",Romantisme,1859.0
George Sand,Histoire du véritable Gribouille,French,32640,https://www.gutenberg.org/ebooks/32640,True,Historique,inclassable,1853.0
George Sand,Spiridion,French,15239,https://www.gutenberg.org/ebooks/15239,True,Historique,inclassable,1848.0
George Sand,Légendes rustiques,French,17911,https://www.gutenberg.org/ebooks/17911,True,"Historique, Amour",Romantisme,1855.0
George Sand,Gabriel,French,13380,https://www.gutenberg.org/ebooks/13380,True,"Amour, Historique",Romantisme,1851.0
George Sand,La comtesse de Rudolstadt,French,17225,https://www.gutenberg.org/ebooks/17225,True,"Historique, Amour",Romantisme,1855.0
George Sand,Le château des Désertes,French,13668,https://www.gutenberg.org/ebooks/13668,True,Historique,Romantisme,1852.0
George Sand,Le Piccinino,French,30831,https://www.gutenberg.org/ebooks/30831,True,Historique,inclassable,1848.0
George Sand,Lucrezia Floriani,French,16286,https://www.gutenberg.org/ebooks/16286,True,"Historique, Amour",Romantisme,1856.0
George Sand,Les beaux messieurs de Bois-Doré,French,25981,https://www.gutenberg.org/ebooks/25981,True,Historique,Romantisme,1857.0
George Sand,Le beau Laurence,French,61411,https://www.gutenberg.org/ebooks/61411,True,Amour,Romantisme,1853.0
George Sand,Le meunier d'Angibault,French,13892,https://www.gutenberg.org/ebooks/13892,True,Historique,Romantisme,1848.0
George Sand,"Consuelo, Tome 3 (1861)",French,13374,https://www.gutenberg.org/ebooks/13374,True,"Historique, Amour",Romantisme,1861.0
George Sand,La Marquise,French,13025,https://www.gutenberg.org/ebooks/13025,True,"Historique, Amour",Romantisme,1848.0
George Sand,Elle et lui,French,13653,https://www.gutenberg.org/ebooks/13653,True,Amour,Romantisme,1832.0
George Sand,Aldo le rimeur,French,12862,https://www.gutenberg.org/ebooks/12862,True,"Amour, Autobiographique / Autofiction",inclassable,1852.0
George Sand,"Consuelo, Tome 2 (1861)",French,13258,https://www.gutenberg.org/ebooks/13258,True,"Historique, Amour","Romantisme, Réalisme",1861.0
George Sand,Cora,French,12837,https://www.gutenberg.org/ebooks/12837,True,"Amour, Historique",Romantisme,1852.0
George Sand,Isidora,French,13744,https://www.gutenberg.org/ebooks/13744,True,"Amour, Historique",Romantisme,1854.0
George Sand,Jean Ziska: épisode de la guerre des Hussites,French,15584,https://www.gutenberg.org/ebooks/15584,True,Historique,inclassable,1843.0
George Sand,La dernière Aldini: Simon,French,17795,https://www.gutenberg.org/ebooks/17795,True,Historique,inclassable,1857.0
George Sand,Mattea,French,12865,https://www.gutenberg.org/ebooks/12865,True,"Amour, Historique",Romantisme,1855.0
George Sand,Leone Leoni,French,15388,https://www.gutenberg.org/ebooks/15388,True,Historique,Romantisme,1852.0
George Sand,Cadio,French,28977,https://www.gutenberg.org/ebooks/28977,True,"Amour, Historique",Romantisme,1853.0
George Sand,"La Daniella, Vol. II.",French,14038,https://www.gutenberg.org/ebooks/14038,True,"Amour, Historique",Romantisme,1859.0
George Sand,André,French,13431,https://www.gutenberg.org/ebooks/13431,True,"Amour, Autobiographique / Autofiction",Romantisme,1842.0
George Sand,Adriani,French,60812,https://www.gutenberg.org/ebooks/60812,True,"Historique, Amour",Romantisme,1855.0
George Sand,"Le péché de Monsieur Antoine, Tome 2",French,12534,https://www.gutenberg.org/ebooks/12534,True,"Amour, Analyse",inclassable,1845.0
George Sand,Les dames vertes,French,69098,https://www.gutenberg.org/ebooks/69098,True,"Fantastique, Amour",Romantisme,1873.0
George Sand,"Consuelo, Tome 1 (1861)",French,12666,https://www.gutenberg.org/ebooks/12666,True,"Historique, Amour",Romantisme,1861.0
George Sand,Metella,French,12869,https://www.gutenberg.org/ebooks/12869,True,"Historique, Amour",Romantisme,1853.0
George Sand,Tamaris,French,45753,https://www.gutenberg.org/ebooks/45753,True,"Amour, Historique",Romantisme,1855.0
George Sand,NanonLa bibliothèque précieuse,French,15226,https://www.gutenberg.org/ebooks/15226,True,"Historique, Amour",Romantisme,1842.0
George Sand,"Le péché de Monsieur Antoine, Tome 1",French,12367,https://www.gutenberg.org/ebooks/12367,True,"Historique, Amour","Romantisme, Réalisme",1855.0
George Sand,Evenor et Leucippe: Les amours de l'Âge d'Or; Légende antidéluvienne,French,58299,https://www.gutenberg.org/ebooks/58299,True,"Amour, Fantastique, Légende",inclassable,1842.0
George Sand,Francia; Un bienfait n'est jamais perdu,French,15397,https://www.gutenberg.org/ebooks/15397,True,"Amour, Historique",Romantisme,1855.0
George Sand,Pauline,French,12447,https://www.gutenberg.org/ebooks/12447,True,"Amour, Analyse",Romantisme,1838.0
George Sand,Simon,French,18205,https://www.gutenberg.org/ebooks/18205,True,"Amour, Historique",Romantisme,1851.0
George Sand,L'Uscoque,French,13592,https://www.gutenberg.org/ebooks/13592,True,Autobiographique / Autofiction,"Romantisme, Réalisme",1857.0
George Sand,L'Orco,French,12448,https://www.gutenberg.org/ebooks/12448,True,Fantastique,inclassable,1840.0
George Sand,Lavinia,French,13016,https://www.gutenberg.org/ebooks/13016,True,"Historique, Amour",Romantisme,1858.0
George Sand,Autour de la table,French,14372,https://www.gutenberg.org/ebooks/14372,True,Autobiographique / Autofiction,"Romantisme, Réalisme",1856.0
George Sand,Valvèdre,French,13263,https://www.gutenberg.org/ebooks/13263,True,"Historique, Amour",Romantisme,1853.0
George Sand,"La Daniella, Vol. I.",French,13917,https://www.gutenberg.org/ebooks/13917,True,"Historique, Amour",Romantisme,1844.0
Alfred de Musset,"Gamiani, ou Une nuit d'excès",French,26806,https://www.gutenberg.org/ebooks/26806,True,"Érotique, Autobiographique / Autofiction",Romantisme,1836.0
Paul Féval,Maman LéoLes Habits Noirs Tome V,French,19919,https://www.gutenberg.org/ebooks/19919,True,"Policier / Polar, Aventure",inclassable,1879.0
Paul Féval,Annette Laïs,French,41113,https://www.gutenberg.org/ebooks/41113,True,Historique,inclassable,1874.0
Paul Féval,Le dernier vivant,French,18494,https://www.gutenberg.org/ebooks/18494,True,"Fantastique, Aventure",inclassable,1874.0
Paul Féval,La vampire,French,10053,https://www.gutenberg.org/ebooks/10053,True,"Fantastique, Gothique",Romantisme,1847.0
Paul Féval,"La fabrique de mariages, Vol. 1",French,37601,https://www.gutenberg.org/ebooks/37601,True,Historique,inclassable,1840.0
Paul Féval,Le loup blanc,French,14702,https://www.gutenberg.org/ebooks/14702,True,"Aventure, Fantastique",Romantisme,1872.0
Paul Féval,"La fabrique de mariages, Vol. 2",French,38122,https://www.gutenberg.org/ebooks/38122,True,"Policier / Polar, Historique",inclassable,1841.0
Paul Féval,L'avaleur de sabresLes Habits Noirs Tome VI,French,19920,https://www.gutenberg.org/ebooks/19920,True,"Policier / Polar, Aventure",inclassable,1870.0
Paul Féval,La fée des grèves,French,14398,https://www.gutenberg.org/ebooks/14398,True,Fantastique,inclassable,1864.0
Paul Féval,Le Bossu: Aventures de Cape et d'Épée. Volume 1,French,31939,https://www.gutenberg.org/ebooks/31939,True,"Aventure, Historique",inclassable,1850.0
Paul Féval,"Les belles-de-nuit; ou, les anges de la famille. tome 3",French,44874,https://www.gutenberg.org/ebooks/44874,True,"Historique, Amour",Romantisme,1854.0
Paul Féval,Le Bossu: Aventures de Cape et d'Épée. Volume 5,French,34559,https://www.gutenberg.org/ebooks/34559,True,"Aventure, Historique",inclassable,1877.0
Paul Féval,"La fabrique de mariages, Vol. 4",French,57607,https://www.gutenberg.org/ebooks/57607,True,Policier / Polar,inclassable,1840.0
Paul Féval,Le Bossu: Aventures de Cape et d'Épée. Volume 4,French,34354,https://www.gutenberg.org/ebooks/34354,True,"Aventure, Historique",inclassable,1863.0
Paul Féval,Le Bossu: Aventures de Cape et d'Épée. Volume 6,French,35979,https://www.gutenberg.org/ebooks/35979,True,"Aventure, Historique",inclassable,1863.0
Paul Féval,La fabrique de crimes,French,15816,https://www.gutenberg.org/ebooks/15816,True,Policier / Polar,inclassable,1840.0
Paul Féval,Le Bossu: Aventures de Cape et d'Épée. Volume 3,French,34301,https://www.gutenberg.org/ebooks/34301,True,"Aventure, Historique",inclassable,1863.0
Paul Féval,"La fabrique de mariages, Vol. 5",French,57743,https://www.gutenberg.org/ebooks/57743,True,Policier / Polar,inclassable,1841.0
Paul Féval,"Les belles-de-nuit; ou, les anges de la famille. tome 2",French,44613,https://www.gutenberg.org/ebooks/44613,True,"Historique, Amour",inclassable,1847.0
Paul Féval,"Les belles-de-nuit; ou, les anges de la famille. tome 4",French,43554,https://www.gutenberg.org/ebooks/43554,True,"Historique, Amour",inclassable,1874.0
Paul Féval,"Les belles-de-nuit; ou, les anges de la famille. tome 5",French,45633,https://www.gutenberg.org/ebooks/45633,True,Historique,inclassable,1873.0
Paul Féval,Le dernier chevalier,French,27806,https://www.gutenberg.org/ebooks/27806,True,"Aventure, Historique",inclassable,1874.0
Paul Féval,Le Bossu: Aventures de Cape et d'Épée. Volume 2,French,33746,https://www.gutenberg.org/ebooks/33746,True,"Aventure, Historique",inclassable,1848.0
Paul Féval,"La fabrique de mariages, Vol. 3",French,42675,https://www.gutenberg.org/ebooks/42675,True,Policier / Polar,inclassable,1841.0
Paul Féval,"Les belles-de-nuit; ou, les anges de la famille. tome 1",French,43408,https://www.gutenberg.org/ebooks/43408,True,"Historique, Amour",inclassable,1847.0
Paul Féval,"La fabrique de mariages, Vol. 6",French,57856,https://www.gutenberg.org/ebooks/57856,True,Autre,inclassable,
Gustave Flaubert,Madame Bovary,French,14155,https://www.gutenberg.org/ebooks/14155,True,"Amour, Satirique",Réalisme,1857.0
Gustave Flaubert,"Œuvres complètes de Gustave Flaubert, tome 1 (of 8): Madame Bovary",French,48359,https://www.gutenberg.org/ebooks/48359,True,"Amour, Realism",Réalisme,1857.0
Gustave Flaubert,"Œuvres complètes de Gustave Flaubert, tome 7: Bouvard et Pécuchet",French,66505,https://www.gutenberg.org/ebooks/66505,True,Satirique,Réalisme,1881.0
Gustave Flaubert,"Œuvres complètes de Gustave Flaubert, tome 4: L'éducation sentimentale, v. 2",French,52893,https://www.gutenberg.org/ebooks/52893,True,"Amour, Bildungsroman",Réalisme,1869.0
Gustave Flaubert,"Œuvres complètes de Gustave Flaubert, tome 2: Salammbô",French,48881,https://www.gutenberg.org/ebooks/48881,True,Historique,Réalisme,1862.0
Gustave Flaubert,"Œuvres complètes de Gustave Flaubert, tome 3: L'éducation sentimentale, v. 1",French,49773,https://www.gutenberg.org/ebooks/49773,True,"Amour, Bildungsroman",Réalisme,1869.0
Gustave Flaubert,Bouvard et Pécuchet,French,14157,https://www.gutenberg.org/ebooks/14157,True,Satirique,Réalisme,1881.0
Gustave Flaubert,"Œuvres complètes de Gustave Flaubert, tome 5: La tentation de saint Antoine",French,57373,https://www.gutenberg.org/ebooks/57373,True,Fantastique,inclassable,1874.0
Gustave Flaubert,Un coeur simple,French,26812,https://www.gutenberg.org/ebooks/26812,True,"Amour, Analyse",Réalisme,1857.0
Jules Verne,Le tour du monde en quatre-vingts jours,French,20973,https://www.gutenberg.org/ebooks/20973,True,"Aventure, Voyage, Humour",inclassable,1873.0
Jules Verne,L'île mystérieuse,French,14287,https://www.gutenberg.org/ebooks/14287,True,"Aventure, Science-Fiction",inclassable,1874.0
Jules Verne,Voyage au Centre de la Terre,French,4791,https://www.gutenberg.org/ebooks/4791,True,"Aventure, Science-Fiction",inclassable,1864.0
Jules Verne,Vingt mille lieues sous les mers,French,54873,https://www.gutenberg.org/ebooks/54873,True,"Science-Fiction, Aventure",inclassable,1870.0
Jules Verne,Vingt mille Lieues Sous Les Mers — Complete,French,5097,https://www.gutenberg.org/ebooks/5097,True,"Science-Fiction, Aventure",inclassable,1870.0
Jules Verne,Les voyageurs du XIXe siècle,French,53439,https://www.gutenberg.org/ebooks/53439,True,"Aventure, Science-Fiction",inclassable,1873.0
Jules Verne,Cinq Semaines En Ballon,French,4548,https://www.gutenberg.org/ebooks/4548,True,"Aventure, Science-Fiction",inclassable,1863.0
Jules Verne,"De la terre à la lune, trajet direct en 97 heures 20 minutes",French,38674,https://www.gutenberg.org/ebooks/38674,True,"Science-Fiction, Aventure",inclassable,1865.0
Jules Verne,Le Tour du monde en quatre-vingts jours,French,46541,https://www.gutenberg.org/ebooks/46541,True,"Aventure, Science-Fiction",inclassable,1873.0
Jules Verne,De la terre à la lune: trajet direct en 97 heures 20 minutes,French,799,https://www.gutenberg.org/ebooks/799,True,"Science-Fiction, Aventure",inclassable,1865.0
Jules Verne,Les enfants du capitaine Grant,French,14163,https://www.gutenberg.org/ebooks/14163,True,"Aventure, Historique",inclassable,1868.0
Jules Verne,Les naufragés du Jonathan,French,60450,https://www.gutenberg.org/ebooks/60450,True,Aventure,inclassable,1875.0
Jules Verne,Les tribulations d'un chinois en Chine,French,45058,https://www.gutenberg.org/ebooks/45058,True,Aventure,inclassable,1874.0
Jules Verne,Les Cinq Cents Millions De La Bégum,French,4968,https://www.gutenberg.org/ebooks/4968,True,"Aventure, Science-Fiction",inclassable,1879.0
Jules Verne,Vingt Mille Lieues Sous Les Mers — Part 1,French,5095,https://www.gutenberg.org/ebooks/5095,True,"Science-Fiction, Aventure",inclassable,1870.0
Jules Verne,Robur-le-conquérant,French,5126,https://www.gutenberg.org/ebooks/5126,True,"Science-Fiction, Aventure",inclassable,1886.0
Jules Verne,Michel Strogoff: De Moscou a Irkoutsk,French,7442,https://www.gutenberg.org/ebooks/7442,True,"Aventure, Historique",inclassable,1876.0
Jules Verne,Le Docteur Ox,French,11589,https://www.gutenberg.org/ebooks/11589,True,"Aventure, Science-Fiction",inclassable,1877.0
Jules Verne,Les Indes Noires,French,5081,https://www.gutenberg.org/ebooks/5081,True,"Aventure, Science-Fiction",inclassable,1901.0
Jules Verne,Le pilote du Danube,French,11484,https://www.gutenberg.org/ebooks/11484,True,Aventure,inclassable,1877.0
Jules Verne,La maison à vapeur: Voyage à travers l'Inde septentrionale,French,14810,https://www.gutenberg.org/ebooks/14810,True,"Voyage, Aventure, Historique",inclassable,1879.0
Jules Verne,Le chateâu des Carpathes,French,5082,https://www.gutenberg.org/ebooks/5082,True,"Fantastique, Aventure",inclassable,1892.0
Jules Verne,Vingt Mille Lieues Sous Les Mers — Part 2,French,5096,https://www.gutenberg.org/ebooks/5096,True,"Science-Fiction, Aventure",inclassable,1870.0
Jules Verne,"Kéraban-Le-Têtu, Volume I",French,8174,https://www.gutenberg.org/ebooks/8174,True,Aventure,inclassable,1873.0
Jules Verne,Autour de la Lune,French,4717,https://www.gutenberg.org/ebooks/4717,True,"Science-Fiction, Aventure",inclassable,1870.0
Jules Verne,Autour de la lune,French,46111,https://www.gutenberg.org/ebooks/46111,True,"Science-Fiction, Aventure",inclassable,1868.0
Jules Verne,Le pays des fourrures,French,17796,https://www.gutenberg.org/ebooks/17796,True,Aventure,inclassable,1873.0
Jules Verne,L'archipel en feu,French,17660,https://www.gutenberg.org/ebooks/17660,True,"Aventure, Science-Fiction",inclassable,1884.0
Jules Verne,La Jangada: Huit cent lieues sur l'Amazone,French,14806,https://www.gutenberg.org/ebooks/14806,True,"Aventure, Historique",inclassable,1875.0
Jules Verne,Une ville flottante,French,17832,https://www.gutenberg.org/ebooks/17832,True,Science-Fiction,inclassable,1886.0
Jules Verne,L'île à hélice,French,17798,https://www.gutenberg.org/ebooks/17798,True,"Science-Fiction, Aventure",inclassable,1908.0
Jules Verne,Le village aérien,French,16827,https://www.gutenberg.org/ebooks/16827,True,Science-Fiction,inclassable,1886.0
Jules Verne,Mistress Branican,French,17914,https://www.gutenberg.org/ebooks/17914,True,Aventure,inclassable,1901.0
Jules Verne,"Kéraban-Le-Têtu, Volume II",French,8175,https://www.gutenberg.org/ebooks/8175,True,Aventure,inclassable,1885.0
Jules Verne,Aventures du Capitaine Hatteras,French,11927,https://www.gutenberg.org/ebooks/11927,True,"Aventure, Science-Fiction",inclassable,1864.0
Ponson du Terrail,"Les cavaliers de la nuit, deuxième partie (t. 3/4)",French,47802,https://www.gutenberg.org/ebooks/47802,True,"Aventure, Historique",inclassable,1869.0
Ponson du Terrail,"Les misères de Londres, 4. Les tribulations de Shoking",French,16819,https://www.gutenberg.org/ebooks/16819,True,"Aventure, Historique",inclassable,1873.0
Ponson du Terrail,"Les misères de Londres, 3. La cage aux oiseaux",French,16818,https://www.gutenberg.org/ebooks/16818,True,"Policier / Polar, Aventure",inclassable,1864.0
Ponson du Terrail,"Les misères de Londres, 2. L'enfant perdu",French,16817,https://www.gutenberg.org/ebooks/16817,True,"Policier / Polar, Aventure",inclassable,1864.0
Ponson du Terrail,"Les misères de Londres, 1. La nourrisseuse d'enfants",French,15146,https://www.gutenberg.org/ebooks/15146,True,"Historique, Aventure",inclassable,1854.0
Ponson du Terrail,"Les cavaliers de la nuit, 1er partie (t. 1/4)",French,47321,https://www.gutenberg.org/ebooks/47321,True,"Aventure, Historique",inclassable,1875.0
Ponson du Terrail,Diane de Lancy; Les pretendus de la meunière,French,57262,https://www.gutenberg.org/ebooks/57262,True,"Historique, Amour",inclassable,1860.0
Ponson du Terrail,"Les cavaliers de la nuit, deuxième partie (t. 4/4)",French,48282,https://www.gutenberg.org/ebooks/48282,True,"Aventure, Historique",inclassable,1874.0
Ponson du Terrail,Le serment des hommes rouges: Aventures d'un enfant de Paris,French,15811,https://www.gutenberg.org/ebooks/15811,True,"Aventure, Historique",inclassable,1874.0
Ponson du Terrail,"Les cavaliers de la nuit, 1er partie (t. 2/4)",French,48650,https://www.gutenberg.org/ebooks/48650,True,"Aventure, Historique",inclassable,1869.0
Jules Vallès,Le bachelier,French,14705,https://www.gutenberg.org/ebooks/14705,True,"Autobiographique / Autofiction, Analyse",Réalisme,1882.0
Jules Vallès,L'enfant,French,14704,https://www.gutenberg.org/ebooks/14704,True,Autobiographique / Autofiction,Réalisme,1884.0
Alphonse Daudet,Tartarin de Tarascon,French,10687,https://www.gutenberg.org/ebooks/10687,True,"Aventure, Satirique",Réalisme,1872.0
Alphonse Daudet,Le petit chose,French,13256,https://www.gutenberg.org/ebooks/13256,True,Autobiographique / Autofiction,Réalisme,1877.0
Alphonse Daudet,Tartarin sur les Alpes,French,5105,https://www.gutenberg.org/ebooks/5105,True,"Aventure, Satirique",inclassable,1885.0
Alphonse Daudet,Numa Roumestan: Moeurs Parisiennes,French,16848,https://www.gutenberg.org/ebooks/16848,True,"Satirique, Autobiographique / Autofiction",Réalisme,1884.0
Alphonse Daudet,La Belle-Nivernaise: Histoire d'un vieux bateau et de son équipage,French,11650,https://www.gutenberg.org/ebooks/11650,True,"Aventure, Historique",inclassable,1873.0
Alphonse Daudet,Port-Tarascon: Dernières aventures de l'illustre Tartarin,French,15645,https://www.gutenberg.org/ebooks/15645,True,"Aventure, Satirique",Réalisme,1890.0
Alphonse Daudet,"Le nabab, tome I",French,12726,https://www.gutenberg.org/ebooks/12726,True,Historique,inclassable,1871.0
Alphonse Daudet,"Le nabab, tome II",French,12727,https://www.gutenberg.org/ebooks/12727,True,Historique,inclassable,1879.0
Émile Zola,Au bonheur des dames,French,16852,https://www.gutenberg.org/ebooks/16852,True,"Autobiographique / Autofiction, Analyse",Réalisme,1883.0
Émile Zola,Nana,French,5250,https://www.gutenberg.org/ebooks/5250,True,"Érotique, Autobiographique / Autofiction",Réalisme,1880.0
Émile Zola,Germinal,French,5711,https://www.gutenberg.org/ebooks/5711,True,"Historique, Autobiographique / Autofiction","Réalisme, Naturaliste",1885.0
Émile Zola,L'Assommoir,French,6497,https://www.gutenberg.org/ebooks/6497,True,"Réalisme, Naturaliste","Réalisme, Naturalisme",1877.0
Émile Zola,L'Œuvre,French,17517,https://www.gutenberg.org/ebooks/17517,True,Analyse,inclassable,1886.0
Émile Zola,Thérèse Raquin,French,7461,https://www.gutenberg.org/ebooks/7461,True,"Roman, Drame, Psychologique","Réalisme, Naturalism",1867.0
Émile Zola,Rome,French,34528,https://www.gutenberg.org/ebooks/34528,True,Historique,Réalisme,1896.0
Émile Zola,Le Ventre de Paris,French,6470,https://www.gutenberg.org/ebooks/6470,True,"Satirique, Analyse","Réalisme, Naturalism",1873.0
Émile Zola,Son Excellence Eugène Rougon,French,17557,https://www.gutenberg.org/ebooks/17557,True,"Satirique, Analyse","Réalisme, Naturalism",1878.0
Émile Zola,La Bête humaine,French,5154,https://www.gutenberg.org/ebooks/5154,True,"Policier / Polar, Analyse","Réalisme, Naturalism",1890.0
Émile Zola,L'Argent,French,17516,https://www.gutenberg.org/ebooks/17516,True,Analyse,"Réalisme, Naturalism",1891.0
Émile Zola,Lourdes,French,24850,https://www.gutenberg.org/ebooks/24850,True,Historique,Réalisme,1894.0
Émile Zola,Paris,French,34451,https://www.gutenberg.org/ebooks/34451,True,Historique,Réalisme,1898.0
Émile Zola,La Curée,French,17553,https://www.gutenberg.org/ebooks/17553,True,Analyse,"Réalisme, Naturalism",1871.0
Émile Zola,Pot-Bouille,French,8907,https://www.gutenberg.org/ebooks/8907,True,Satirique,"Réalisme, Naturalism",1877.0
Émile Zola,La Terre,French,8563,https://www.gutenberg.org/ebooks/8563,True,"Naturalisme, Analyse","Réalisme, Naturalism",1887.0
Émile Zola,La Débâcle,French,17831,https://www.gutenberg.org/ebooks/17831,True,"Historique, Guerre","Réalisme, Naturalism",1892.0
Émile Zola,La faute de l'abbé Mouret,French,6558,https://www.gutenberg.org/ebooks/6558,True,"Amour, Analyse","Réalisme, Naturalism",1875.0
Émile Zola,Une page d'amour,French,8561,https://www.gutenberg.org/ebooks/8561,True,Amour,Réalisme,1880.0
Émile Zola,La vérité en marche: L'affaire Dreyfus,French,56808,https://www.gutenberg.org/ebooks/56808,True,"Historique, Analyse",Réalisme,1898.0
Émile Zola,Le Rêve,French,17533,https://www.gutenberg.org/ebooks/17533,True,Analyse,inclassable,1888.0
Émile Zola,La Conquête de Plassans,French,8712,https://www.gutenberg.org/ebooks/8712,True,Historique,Réalisme,1880.0
Émile Zola,Le Docteur Pascal,French,8560,https://www.gutenberg.org/ebooks/8560,True,"Historique, Analyse","Réalisme, Naturalism",1893.0
Anatole France,Vie de Jeanne d'Arc. Vol. 1 de 2,French,33692,https://www.gutenberg.org/ebooks/33692,True,"Historique, Biographique / Exofiction",inclassable,1908.0
Anatole France,L'Île Des Pingouins,French,8524,https://www.gutenberg.org/ebooks/8524,True,Satirique,Réalisme,1905.0
Anatole France,Vie de Jeanne d'Arc. Vol. 2 de 2,French,33693,https://www.gutenberg.org/ebooks/33693,True,"Historique, Biographique / Exofiction",inclassable,1908.0
Anatole France,Les Dieux ont soif,French,36477,https://www.gutenberg.org/ebooks/36477,True,"Historique, Satirique",Réalisme,1912.0
Anatole France,Monsieur Bergeret à Paris: Histoire Contemporaine,French,7268,https://www.gutenberg.org/ebooks/7268,True,"Historique, Analyse",inclassable,1880.0
Anatole France,Clio,French,50664,https://www.gutenberg.org/ebooks/50664,True,Historique,inclassable,1890.0
Anatole France,Histoire comique,French,17345,https://www.gutenberg.org/ebooks/17345,True,"Satirique, Historique",inclassable,1907.0
Anatole France,Le Jardin d'Épicure,French,5147,https://www.gutenberg.org/ebooks/5147,True,"Philosophique, Satirique",Réalisme,1894.0
Anatole France,Les opinions de M. Jérôme CoignardRecueillies par Jacques Tournebroche,French,19233,https://www.gutenberg.org/ebooks/19233,True,"Satirique, Analyse",Réalisme,1902.0
Anatole France,La comédie de celui qui épousa une femme muette,French,63794,https://www.gutenberg.org/ebooks/63794,True,Satirique,inclassable,1900.0
Anatole France,Sur la pierre blanche,French,7173,https://www.gutenberg.org/ebooks/7173,True,Historique,inclassable,1912.0
Anatole France,La rôtisserie de la Reine Pédauque,French,11645,https://www.gutenberg.org/ebooks/11645,True,"Satirique, Historique",inclassable,1893.0
Anatole France,Pierre Nozière,French,10160,https://www.gutenberg.org/ebooks/10160,True,Biographique / Exofiction,inclassable,1908.0
Octave Mirbeau,"La 628-E8Comprenant en annexe le chapitre intégral ""Balzac""",French,54528,https://www.gutenberg.org/ebooks/54528,True,"Analyse, Satirique","Réalisme, Réalisme magique",1901.0
Octave Mirbeau,Le Journal d'une Femme de Chambre,French,16820,https://www.gutenberg.org/ebooks/16820,True,"Satirique, Autobiographique / Autofiction","Réalisme, Naturaliste",1902.0
Octave Mirbeau,Le jardin des supplices,French,57775,https://www.gutenberg.org/ebooks/57775,True,Satirique,"Réalisme, Naturalism",1899.0
Octave Mirbeau,Le Calvaire,French,44139,https://www.gutenberg.org/ebooks/44139,True,Satirique,"Réalisme, Naturalism",1886.0
Guy de Maupassant,Le Horla,French,10775,https://www.gutenberg.org/ebooks/10775,True,Fantastique,Réalisme,1887.0
Guy de Maupassant,Boule de Suif,French,10746,https://www.gutenberg.org/ebooks/10746,True,"Historique, Satirique",Réalisme,1880.0
Guy de Maupassant,Pierre et Jean,French,11131,https://www.gutenberg.org/ebooks/11131,True,Analyse,inclassable,1888.0
Guy de Maupassant,Une vie,French,17457,https://www.gutenberg.org/ebooks/17457,True,"Autobiographique / Autofiction, Analyse",Réalisme,1883.0
Guy de Maupassant,La vie errante,French,14793,https://www.gutenberg.org/ebooks/14793,True,Autobiographique / Autofiction,Réalisme,1884.0
Guy de Maupassant,La Femme de Paul,French,30587,https://www.gutenberg.org/ebooks/30587,True,Amour,Réalisme,1888.0
Paul Bourget,L'Écuyère,French,38712,https://www.gutenberg.org/ebooks/38712,True,Analyse,inclassable,1884.0
Paul Bourget,Physiologie de l'amour moderne,French,16815,https://www.gutenberg.org/ebooks/16815,True,"Analyse, Amour",inclassable,1898.0
Paul Bourgette,Le parfum de la Dame Noire :  Physiologie humoristique de l'amour Africain,French,70202,https://www.gutenberg.org/ebooks/70202,True,"Amour, Satirique",inclassable,
Paul Bourget,La duchesse bleue,French,54002,https://www.gutenberg.org/ebooks/54002,True,Analyse,inclassable,1883.0
Paul Bourget,La dame qui a perdu son peintre,French,55072,https://www.gutenberg.org/ebooks/55072,True,Amour,inclassable,1910.0
Paul Bourget,Mensonges,French,30702,https://www.gutenberg.org/ebooks/30702,True,Analyse,inclassable,1887.0
Paul Bourget,André Cornélis,French,23616,https://www.gutenberg.org/ebooks/23616,True,Analyse,inclassable,1888.0
Paul Bourget,Cruelle Énigme,French,44911,https://www.gutenberg.org/ebooks/44911,True,"Analyse, Amour",inclassable,1898.0
Paul Bourget,L'eau profonde; Les pas dans les pas,French,26891,https://www.gutenberg.org/ebooks/26891,True,Analyse,inclassable,1910.0
Paul Bourget,Un Coeur de femme,French,44161,https://www.gutenberg.org/ebooks/44161,True,Amour,inclassable,1913.0
Paul Bourget,Pauvre petite!,French,20964,https://www.gutenberg.org/ebooks/20964,True,Analyse,inclassable,1897.0
Paul Bourget,La terre promise,French,26489,https://www.gutenberg.org/ebooks/26489,True,Analyse,inclassable,1910.0
Jules Renard,Poil de Carotte,French,4559,https://www.gutenberg.org/ebooks/4559,True,"Autobiographique / Autofiction, Analyse",Réalisme,1894.0
Romain Rolland,Clerambault :  Histoire d'une conscience libre pendant la guerre,French,70956,https://www.gutenberg.org/ebooks/70956,True,"Historique, Analyse",inclassable,1919.0
Romain Rolland,"Jean-Christophe, Volume 4Le Buisson Ardent, La Nouvelle Journée",French,62021,https://www.gutenberg.org/ebooks/62021,True,"Historique, Biographique / Exofiction, Analyse",inclassable,1939.0
Romain Rolland,Colas Breugnon: Récit bourguignon,French,27854,https://www.gutenberg.org/ebooks/27854,True,"Historique, Satirique",Réalisme,1919.0
Romain Rolland,"Jean-Christophe, Volume 2La Révolte, La Foire sur la Place",French,61876,https://www.gutenberg.org/ebooks/61876,True,"Historique, Analyse",Réalisme,1904.0
Romain Rolland,"Jean-Christophe Volume 3Antoinette, Dans la maison, Les Amies",French,61970,https://www.gutenberg.org/ebooks/61970,True,"Autobiographique / Autofiction, Analyse",inclassable,1912.0
Romain Rolland,L'âme enchantée I: Annette et Sylvie,French,45970,https://www.gutenberg.org/ebooks/45970,True,"Analyse, Amour",inclassable,1910.0
Romain Rolland,"Jean-Christophe Volume 1L'Aube, Le Matin, L'Adolescent",French,61868,https://www.gutenberg.org/ebooks/61868,True,"Biographique / Exofiction, Analyse",inclassable,1910.0
Romain Rolland,Pierre et Luce,French,64274,https://www.gutenberg.org/ebooks/64274,True,"Amour, Autobiographique / Autofiction",Réalisme,1913.0
André Gide,Les Caves du Vatican,French,6739,https://www.gutenberg.org/ebooks/6739,True,Policier / Polar,inclassable,1927.0
André Gide,L'immoraliste,French,73058,https://www.gutenberg.org/ebooks/73058,True,Analyse,inclassable,1902.0
André Gide,Isabelle,French,11042,https://www.gutenberg.org/ebooks/11042,True,Autobiographique / Autofiction,inclassable,1911.0
Marcel Proust,Du côté de chez Swann,French,2650,https://www.gutenberg.org/ebooks/2650,True,"Autobiographique / Autofiction, Analyse",inclassable,1913.0
Marcel Proust,A l'ombre des jeunes filles en fleurs - Première partie,French,2998,https://www.gutenberg.org/ebooks/2998,True,"Autobiographique / Autofiction, Analyse",inclassable,1919.0
Marcel Proust,La Prisonnière (Sodome et Gomorrhe III),French,60720,https://www.gutenberg.org/ebooks/60720,True,"Analyse, Autobiographique / Autofiction",inclassable,1924.0
Marcel Proust,Les plaisirs et les jours,French,58698,https://www.gutenberg.org/ebooks/58698,True,"Analyse, Autobiographique / Autofiction",inclassable,1929.0
Marcel Proust,A l'ombre des jeunes filles en fleurs — Deuxième partie,French,2999,https://www.gutenberg.org/ebooks/2999,True,"Autobiographique / Autofiction, Analyse",inclassable,1919.0
Marcel Proust,Le temps retrouvé Tome 1 (de 2) :  À la recherche du temps perdu vol.VII,French,74090,https://www.gutenberg.org/ebooks/74090,True,"Autobiographique / Autofiction, Analyse",inclassable,1927.0
Marcel Proust,Sodome et Gomorrhe - Première partie,French,15288,https://www.gutenberg.org/ebooks/15288,True,Analyse,inclassable,1922.0
Marcel Proust,Le temps retrouvé Tome 2 (de 2) :  À la recherche du temps perdu vol.VII,French,74091,https://www.gutenberg.org/ebooks/74091,True,"Analyse, Autobiographique / Autofiction",inclassable,1927.0
Marcel Proust,A l'ombre des jeunes filles en fleurs — Troisième partie,French,3000,https://www.gutenberg.org/ebooks/3000,True,"Autobiographique / Autofiction, Analyse",inclassable,1919.0
Marcel Proust,Pastiches et mélanges,French,64145,https://www.gutenberg.org/ebooks/64145,True,"Autobiographique / Autofiction, Analyse",inclassable,1919.0
Marcel Proust,Le Côté de Guermantes - Première partie,French,8946,https://www.gutenberg.org/ebooks/8946,True,"Analyse, Autobiographique / Autofiction",inclassable,1925.0
Marcel Proust,Un amour de Swann,French,62100,https://www.gutenberg.org/ebooks/62100,True,"Amour, Analyse",inclassable,1913.0
Marcel Proust,"Albertine disparue Vol 2 (of 2)À la recherche du temps perdu, Tome 7",French,64428,https://www.gutenberg.org/ebooks/64428,True,"Autobiographique / Autofiction, Analyse",inclassable,1927.0
Marcel Proust,Le Côté de Guermantes - Deuxième partie,French,12999,https://www.gutenberg.org/ebooks/12999,True,"Analyse, Autobiographique / Autofiction",inclassable,1925.0
Marcel Proust,"Albertine disparue Vol 1 (of 2)À la recherche du temps perdu, Tome 7",French,64427,https://www.gutenberg.org/ebooks/64427,True,"Autobiographique / Autofiction, Analyse",inclassable,1913.0
Marcel Proust,Le Côté de Guermantes - Troisième partie,French,13743,https://www.gutenberg.org/ebooks/13743,True,"Analyse, Autobiographique / Autofiction",inclassable,1925.0
Henri Barbusse,Le feu (Journal d'une Escouade),French,48212,https://www.gutenberg.org/ebooks/48212,True,"Guerre, Autobiographique / Autofiction",inclassable,1916.0
Henri Barbusse,Jésus,French,70762,https://www.gutenberg.org/ebooks/70762,True,Biographique / Exofiction,inclassable,1936.0
Roger Martin du Gard,Jean Barois,French,49725,https://www.gutenberg.org/ebooks/49725,True,"Historique, Analyse",inclassable,1913.0
François Mauriac,Le baiser au lépreux,French,51372,https://www.gutenberg.org/ebooks/51372,True,"Amour, Analyse",inclassable,1930.0
François Mauriac,L'enfant chargé de chaînes,French,52145,https://www.gutenberg.org/ebooks/52145,True,Analyse,inclassable,1934.0
François Mauriac,La chair et le sang,French,50593,https://www.gutenberg.org/ebooks/50593,True,"Drame, Famille, Psychologique",Réalisme,1932.0
